pos,name_target,seq_target,name_mirna,seq_mirna,struct_sec,free_energy,link_ps,date
2203,seq,ATGTACAACCTACCCTGTGTATAACATTTCGT,ath-miR161,uugaaagugacuacaucgggg,(((((.((((...(((((((.&.))))).))..)))))))))............,-20.3,../postscript/20051024202556/2203seqath-miR161.ps,2005-10-24
1220,seq,TCCCTATCCACCAAGAGCTTCCCCTTCTTCAA,ath-miR395a,cugaaguguuugggggaacuc,((((((((((.....(((((.&.))))).))))))).)))..............,-22.5,../postscript/20051024202556/1220seqath-miR395a.ps,2005-10-24
1336,seq,GGTGCCCTCAGCAGTGACAGGCGTCCCGGGCT,ath-miR169h,uagccaaggaugacuugccug,((((((((.(((((..((((.&))))..))))))))).).)))...........,-25.9,../postscript/20051024202556/1336seqath-miR169h.ps,2005-10-24
247,seq,GGGGGCGGGCAGAGCGCGGTCGGCGTTAGCTT,ath-miR169h,uagccaaggaugacuugccug,(((((((((((.(.((.(((.&.))).)).).))))......))))))).....,-21.5,../postscript/20051024202556/247seqath-miR169h.ps,2005-10-24
491,seq,GAGAACTCGGCGGGGGTTGCGTCCCCTGGCTC,ath-miR169h,uagccaaggaugacuugccug,(.((((((.(((((.(((((.&.)))))..))))).....))))))).......,-26.1,../postscript/20051024202556/491seqath-miR169h.ps,2005-10-24
55,seq,GCCTGGAGCTGAGCTGCGGCAAGGCCCGGCTC,ath-miR169b,cagccaaggaugacuugccgg,.(((((((....((..((((.&.)))).)).)))))))................,-24.4,../postscript/20051024202556/55seqath-miR169b.ps,2005-10-24
459,seq,GCCTTCCGGAGGAGACGGGGGCAGCTTGGCTT,ath-miR169b,cagccaaggaugacuugccgg,((((((((.((..(((((((.&.))))))).))..))))......)))).....,-25.3,../postscript/20051024202556/459seqath-miR169b.ps,2005-10-24
24,seq,GCCGCAGATCTGGTCCGTCGCTCGCCTGGGTG,ath-miR169b,cagccaaggaugacuugccgg,(((((..((((.(((.((.((&)).)))))....))))..))))).........,-22.7,../postscript/20051024202556/24seqath-miR169b.ps,2005-10-24
491,seq,GAGAACTCGGCGGGGGTTGCGTCCCCTGGCTC,ath-miR169b,cagccaaggaugacuugccgg,((((((((.(((((.(((((.&.)))))..))))).....))))))))......,-30.3,../postscript/20051024202556/491seqath-miR169b.ps,2005-10-24
55,seq,GCCTGGAGCTGAGCTGCGGCAAGGCCCGGCTC,ath-miR169c,cagccaaggaugacuugccgg,.(((((((....((..((((.&.)))).)).)))))))................,-24.4,../postscript/20051024202556/55seqath-miR169c.ps,2005-10-24
459,seq,GCCTTCCGGAGGAGACGGGGGCAGCTTGGCTT,ath-miR169c,cagccaaggaugacuugccgg,((((((((.((..(((((((.&.))))))).))..))))......)))).....,-25.3,../postscript/20051024202556/459seqath-miR169c.ps,2005-10-24
24,seq,GCCGCAGATCTGGTCCGTCGCTCGCCTGGGTG,ath-miR169c,cagccaaggaugacuugccgg,(((((..((((.(((.((.((&)).)))))....))))..))))).........,-22.7,../postscript/20051024202556/24seqath-miR169c.ps,2005-10-24
491,seq,GAGAACTCGGCGGGGGTTGCGTCCCCTGGCTC,ath-miR169c,cagccaaggaugacuugccgg,((((((((.(((((.(((((.&.)))))..))))).....))))))))......,-30.3,../postscript/20051024202556/491seqath-miR169c.ps,2005-10-24
1620,seq,CCACAGCGCCGGGATCCTAGGACCTTGCCGGA,ath-miR165a,ucggaccaggcuucauccccc,..(((((.((((((...((((&.))))..))).)))...)))))..........,-20.4,../postscript/20051024202556/1620seqath-miR165a.ps,2005-10-24
1773,seq,TTTGATTTCAAAGGGATGTCCTCAGTGTCTGA,ath-miR165a,ucggaccaggcuucauccccc,..((((((...((((((((((&)))))).)..))).))))))............,-23.3,../postscript/20051024202556/1773seqath-miR165a.ps,2005-10-24
315,seq,GAAGAAGGGGGTCTTTGCCCACTCTTGTTTCG,ath-miR165a,ucggaccaggcuucauccccc,(((((.....(((((.((((.&)))).))......))).....)))))......,-22.4,../postscript/20051024202556/315seqath-miR165a.ps,2005-10-24
4,seq,GGCCAACAGGGAAGCGCGGAGCCGCAGATCTG,ath-miR165a,ucggaccaggcuucauccccc,..((((.((((((.(.((((.&)))).)...)))))).....))))........,-20.8,../postscript/20051024202556/4seqath-miR165a.ps,2005-10-24
1336,seq,GGTGCCCTCAGCAGTGACAGGCGTCCCGGGCT,ath-miR169n,uagccaaggaugacuugccug,((((((((.(((((..((((.&))))..))))))))).).)))...........,-25.9,../postscript/20051024202556/1336seqath-miR169n.ps,2005-10-24
247,seq,GGGGGCGGGCAGAGCGCGGTCGGCGTTAGCTT,ath-miR169n,uagccaaggaugacuugccug,(((((((((((.(.((.(((.&.))).)).).))))......))))))).....,-21.5,../postscript/20051024202556/247seqath-miR169n.ps,2005-10-24
491,seq,GAGAACTCGGCGGGGGTTGCGTCCCCTGGCTC,ath-miR169n,uagccaaggaugacuugccug,(.((((((.(((((.(((((.&.)))))..))))).....))))))).......,-26.1,../postscript/20051024202556/491seqath-miR169n.ps,2005-10-24
2051,seq,GCGATTAGGATTTTTCGCTTGCGAGCAAGGGA,ath-miR168a,ucgcuuggugcaggucgggaa,((((((.((((((.((((.((&)).))))..))))))))))))...........,-22.8,../postscript/20051024202556/2051seqath-miR168a.ps,2005-10-24
1328,seq,TCCAGCATGGTGCCCTCAGCAGTGACAGGCGT,ath-miR168a,ucgcuuggugcaggucgggaa,..(((..((.(((.((((((.&.))))))....))).)))))..((.....)).,-21,../postscript/20051024202556/1328seqath-miR168a.ps,2005-10-24
66,seq,AGCTGCGGCAAGGCCCGGCTCCTGTTCGACCG,ath-miR168a,ucgcuuggugcaggucgggaa,..((((((((((.((((.((.&)).)))))))))..))))).............,-25.4,../postscript/20051024202556/66seqath-miR168a.ps,2005-10-24
1522,seq,AAAGCAGCACTCCAGCTTCGGCTACGCCAGCG,ath-miR168a,ucgcuuggugcaggucgggaa,..(((((((..(((((.(((.&)))))))).)))))))................,-22.9,../postscript/20051024202556/1522seqath-miR168a.ps,2005-10-24
974,seq,AGGAACCGCTACCCGGACATGTCCACACGCGA,ath-miR168a,ucgcuuggugcaggucgggaa,..(((((..(((.(((.((((&))))...))))))...)))))...........,-23.9,../postscript/20051024202556/974seqath-miR168a.ps,2005-10-24
652,seq,AGGCCCGCTTCACTTGGAGCACCGAGCAGCGG,ath-miR168a,ucgcuuggugcaggucgggaa,..((((((((((((((((((.&...).))))))))...)))))....))))...,-28.3,../postscript/20051024202556/652seqath-miR168a.ps,2005-10-24
468,seq,AGGAGACGGGGGCAGCTTGGCTTGAGAACTCG,ath-miR398c,uguguucucaggucaccccug,((((((((((((((((((.((&)).)))))))))))).....))))))......,-33.7,../postscript/20051024202556/468seqath-miR398c.ps,2005-10-24
1063,seq,TCGTCGGGCCAAATGGAGAAAGAGGGAGCGCA,ath-miR398c,uguguucucaggucaccccug,((((((.((...(((((((((&)))))))))....)).))......))))....,-20.8,../postscript/20051024202556/1063seqath-miR398c.ps,2005-10-24
1035,seq,AAGCCCGAGTCCGGGTTTGGTTCAAGAATCGT,ath-miR405b,augaguugggucuaacccauaacu,(((...(((((.(..((((.((((&))))...))))..).)))))..))).......,-21.2,../postscript/20051024202556/1035seqath-miR405b.ps,2005-10-24
1336,seq,GGTGCCCTCAGCAGTGACAGGCGTCCCGGGCT,ath-miR169i,uagccaaggaugacuugccug,((((((((.(((((..((((.&))))..))))))))).).)))...........,-25.9,../postscript/20051024202556/1336seqath-miR169i.ps,2005-10-24
247,seq,GGGGGCGGGCAGAGCGCGGTCGGCGTTAGCTT,ath-miR169i,uagccaaggaugacuugccug,(((((((((((.(.((.(((.&.))).)).).))))......))))))).....,-21.5,../postscript/20051024202556/247seqath-miR169i.ps,2005-10-24
491,seq,GAGAACTCGGCGGGGGTTGCGTCCCCTGGCTC,ath-miR169i,uagccaaggaugacuugccug,(.((((((.(((((.(((((.&.)))))..))))).....))))))).......,-26.1,../postscript/20051024202556/491seqath-miR169i.ps,2005-10-24
1035,seq,AAGCCCGAGTCCGGGTTTGGTTCAAGAATCGT,ath-miR405a,augaguugggucuaacccauaacu,(((...(((((.(..((((.((((&))))...))))..).)))))..))).......,-21.2,../postscript/20051024202556/1035seqath-miR405a.ps,2005-10-24
1773,seq,TTTGATTTCAAAGGGATGTCCTCAGTGTCTGA,ath-miR166d,ucggaccaggcuucauucccc,..((((((...((((((((((&)))))).)..))).))))))............,-20.6,../postscript/20051024202556/1773seqath-miR166d.ps,2005-10-24
1076,seq,TGGAGAAAGAGGGAGCGCAACCAGCAGGCCGA,ath-miR166d,ucggaccaggcuucauucccc,.((((..(.(((..((.((((&)))))).))).....)..))))..........,-20.3,../postscript/20051024202556/1076seqath-miR166d.ps,2005-10-24
315,seq,GAAGAAGGGGGTCTTTGCCCACTCTTGTTTCG,ath-miR166d,ucggaccaggcuucauucccc,(((((.....(((((.((((.&)))).))......))).....)))))......,-20.5,../postscript/20051024202556/315seqath-miR166d.ps,2005-10-24
4,seq,GGCCAACAGGGAAGCGCGGAGCCGCAGATCTG,ath-miR166d,ucggaccaggcuucauucccc,.(((((.((((((.(.((((.&)))).)...))))))....)))))........,-23.5,../postscript/20051024202556/4seqath-miR166d.ps,2005-10-24
1336,seq,GGTGCCCTCAGCAGTGACAGGCGTCCCGGGCT,ath-miR169k,uagccaaggaugacuugccug,((((((((.(((((..((((.&))))..))))))))).).)))...........,-25.9,../postscript/20051024202556/1336seqath-miR169k.ps,2005-10-24
247,seq,GGGGGCGGGCAGAGCGCGGTCGGCGTTAGCTT,ath-miR169k,uagccaaggaugacuugccug,(((((((((((.(.((.(((.&.))).)).).))))......))))))).....,-21.5,../postscript/20051024202556/247seqath-miR169k.ps,2005-10-24
491,seq,GAGAACTCGGCGGGGGTTGCGTCCCCTGGCTC,ath-miR169k,uagccaaggaugacuugccug,(.((((((.(((((.(((((.&.)))))..))))).....))))))).......,-26.1,../postscript/20051024202556/491seqath-miR169k.ps,2005-10-24
1220,seq,TCCCTATCCACCAAGAGCTTCCCCTTCTTCAA,ath-miR395f,cugaaguguuuggggggacuc,(((..(((((.....(((((.&.)))))..)))))..)))..............,-23.2,../postscript/20051024202556/1220seqath-miR395f.ps,2005-10-24
1220,seq,TCCCTATCCACCAAGAGCTTCCCCTTCTTCAA,ath-miR395d,cugaaguguuugggggaacuc,((((((((((.....(((((.&.))))).))))))).)))..............,-22.5,../postscript/20051024202556/1220seqath-miR395d.ps,2005-10-24
457,seq,GAGCCTTCCGGAGGAGACGGGGGCAGCTTGGC,ath-miR160c,ugccuggcucccuguaugcca,.((...(((((((((..(((.&)))..)))..))))))..))............,-25.1,../postscript/20051024202556/457seqath-miR160c.ps,2005-10-24
1336,seq,GGTGCCCTCAGCAGTGACAGGCGTCCCGGGCT,ath-miR160c,ugccuggcucccuguaugcca,..(((.((((((..((((((.&.))))))..).)))))...)))..........,-26.7,../postscript/20051024202556/1336seqath-miR160c.ps,2005-10-24
1574,seq,CTGAGTGCTTGCCAGTATGCAGTGGACCGGCC,ath-miR160c,ugccuggcucccuguaugcca,..(((((((((((.((.(((.&.)))))))).))))))))......(....)..,-25.9,../postscript/20051024202556/1574seqath-miR160c.ps,2005-10-24
911,seq,CAAAGGCGGCAGCGGACTCACTTTACCAGCCA,ath-miR160c,ugccuggcucccuguaugcca,.((((.(((((((.((((.((&)).)))).........))).))))))))....,-20.4,../postscript/20051024202556/911seqath-miR160c.ps,2005-10-24
1773,seq,TTTGATTTCAAAGGGATGTCCTCAGTGTCTGA,ath-miR166b,ucggaccaggcuucauucccc,..((((((...((((((((((&)))))).)..))).))))))............,-20.6,../postscript/20051024202556/1773seqath-miR166b.ps,2005-10-24
1076,seq,TGGAGAAAGAGGGAGCGCAACCAGCAGGCCGA,ath-miR166b,ucggaccaggcuucauucccc,.((((..(.(((..((.((((&)))))).))).....)..))))..........,-20.3,../postscript/20051024202556/1076seqath-miR166b.ps,2005-10-24
315,seq,GAAGAAGGGGGTCTTTGCCCACTCTTGTTTCG,ath-miR166b,ucggaccaggcuucauucccc,(((((.....(((((.((((.&)))).))......))).....)))))......,-20.5,../postscript/20051024202556/315seqath-miR166b.ps,2005-10-24
4,seq,GGCCAACAGGGAAGCGCGGAGCCGCAGATCTG,ath-miR166b,ucggaccaggcuucauucccc,.(((((.((((((.(.((((.&)))).)...))))))....)))))........,-23.5,../postscript/20051024202556/4seqath-miR166b.ps,2005-10-24
433,seq,TTCCGTCTCCGGACTTTTTCGCTTGAGCCTTC,ath-miR417,gaagguagugaauuuguucga,.(((((...((((((((((((&))))))...))))))...))))).........,-23.1,../postscript/20051024202556/433seqath-miR417.ps,2005-10-24
21,seq,GGAGCCGCAGATCTGGTCCGTCGCTCGCCTGG,ath-miR169g*,uccggcaaguugaccuuggcu,(((((.((((.(((.(((((.&)).))).)))....)))).......)))))..,-21.6,../postscript/20051024202556/21seqath-miR169g*.ps,2005-10-24
741,seq,TGGCTTCGGTTCTGGCTCCCGGTCAGCCCCGG,ath-miR169g*,uccggcaaguugaccuuggcu,((((..(((((((...((((.&)))).)))))))..).))).....((....)),-26,../postscript/20051024202556/741seqath-miR169g*.ps,2005-10-24
724,seq,TCCCCAGCCGTTAGCCATGGCTTCGGTTCTGG,ath-miR169g*,uccggcaaguugaccuuggcu,(((((.(((((..(..((((.&)))))..)))..)).)))))............,-22,../postscript/20051024202556/724seqath-miR169g*.ps,2005-10-24
1573,seq,CCTGAGTGCTTGCCAGTATGCAGTGGACCGGC,ath-miR169g*,uccggcaaguugaccuuggcu,.(((((...((((...((((.&.))))...))))....)))))..(....)...,-21,../postscript/20051024202556/1573seqath-miR169g*.ps,2005-10-24
1220,seq,TCCCTATCCACCAAGAGCTTCCCCTTCTTCAA,ath-miR395b,cugaaguguuuggggggacuc,(((..(((((.....(((((.&.)))))..)))))..)))..............,-23.2,../postscript/20051024202556/1220seqath-miR395b.ps,2005-10-24
1394,seq,AACAACCTGAGTAGCCCGTCGCTGAATTCCGC,ath-miR164b,uggagaagcagggcacgugca,.((.(((.(.(((...(((((&.)))))..))).)))).)).............,-20.7,../postscript/20051024202556/1394seqath-miR164b.ps,2005-10-24
406,seq,TCCCATGTCTTCGTTTGCCCGCTGACTTTCCG,ath-miR164b,uggagaagcagggcacgugca,..(((.(((((.(((((((((&))))))...)))))))).)))...........,-22.7,../postscript/20051024202556/406seqath-miR164b.ps,2005-10-24
1415,seq,CTGAATTCCGCGGTGCCGACGCCTGCCTGTCC,ath-miR164b,uggagaagcagggcacgugca,..((((((((((((.(.(((.&))).).)))).....)))).))))........,-22.9,../postscript/20051024202556/1415seqath-miR164b.ps,2005-10-24
1152,seq,AGCCCTACGACGACATGTACCCAGGCTATTCC,ath-miR164b,uggagaagcagggcacgugca,..(((((.(((.(((.((((.&)))).)))..))).))))).............,-24.7,../postscript/20051024202556/1152seqath-miR164b.ps,2005-10-24
678,seq,CAGCGGGGACCAAGCTGTCGGCCGTCTCCTCA,ath-miR164b,uggagaagcagggcacgugca,.(((.(..((..((((((((.&...)))))........)))..))..).)))..,-20.4,../postscript/20051024202556/678seqath-miR164b.ps,2005-10-24
251,seq,GCGGGCAGAGCGCGGTCGGCGTTAGCTTTCCT,ath-miR164b,uggagaagcagggcacgugca,.(((((.((.(((((.((((.&.))))))).)).))....))))).........,-22.3,../postscript/20051024202556/251seqath-miR164b.ps,2005-10-24
1040,seq,CGAGTCCGGGTTTGGTTCAAGAATCGTCGGGC,ath-miR399f,ugccaaaggagauuugcccgg,(((((((((..((.(..(((.&)))..).))..)))).......))))).....,-22.01,../postscript/20051024202556/1040seqath-miR399f.ps,2005-10-24
240,seq,GTGGGGGGGGGGCGGGCAGAGCGCGGTCGGCG,ath-miR399f,ugccaaaggagauuugcccgg,.((((((((...(..(.((((&)))).)..)...))))))))............,-23.6,../postscript/20051024202556/240seqath-miR399f.ps,2005-10-24
490,seq,TGAGAACTCGGCGGGGGTTGCGTCCCCTGGCT,ath-miR399f,ugccaaaggagauuugcccgg,.((((.(...((((..((((.&.))))..))).)...).))))...........,-23,../postscript/20051024202556/490seqath-miR399f.ps,2005-10-24
492,seq,AGAACTCGGCGGGGGTTGCGTCCCCTGGCTCT,ath-miR169e,ugagccaaggaugacuugccg,(((((((.(((((.((((((.&.))))))..))))).....)))))))......,-32.5,../postscript/20051024202556/492seqath-miR169e.ps,2005-10-24
56,seq,CCTGGAGCTGAGCTGCGGCAAGGCCCGGCTCC,ath-miR169e,ugagccaaggaugacuugccg,(((((((....((..(((((.&.))))).)).)))))))...............,-27.3,../postscript/20051024202556/56seqath-miR169e.ps,2005-10-24
610,seq,ACTAGTAGAGCGTCGCGCTCCCTCGTCCATGA,ath-miR397a,ucauugagugcagcguugaug,(((((.((((.(.((((((((&))))...))))).)))))))))..........,-21.9,../postscript/20051024202556/610seqath-miR397a.ps,2005-10-24
1773,seq,TTTGATTTCAAAGGGATGTCCTCAGTGTCTGA,ath-miR166f,ucggaccaggcuucauucccc,..((((((...((((((((((&)))))).)..))).))))))............,-20.6,../postscript/20051024202556/1773seqath-miR166f.ps,2005-10-24
1076,seq,TGGAGAAAGAGGGAGCGCAACCAGCAGGCCGA,ath-miR166f,ucggaccaggcuucauucccc,.((((..(.(((..((.((((&)))))).))).....)..))))..........,-20.3,../postscript/20051024202556/1076seqath-miR166f.ps,2005-10-24
315,seq,GAAGAAGGGGGTCTTTGCCCACTCTTGTTTCG,ath-miR166f,ucggaccaggcuucauucccc,(((((.....(((((.((((.&)))).))......))).....)))))......,-20.5,../postscript/20051024202556/315seqath-miR166f.ps,2005-10-24
4,seq,GGCCAACAGGGAAGCGCGGAGCCGCAGATCTG,ath-miR166f,ucggaccaggcuucauucccc,.(((((.((((((.(.((((.&)))).)...))))))....)))))........,-23.5,../postscript/20051024202556/4seqath-miR166f.ps,2005-10-24
1221,seq,CCCTATCCACCAAGAGCTTCCCCTTCTTCAAC,ath-miR159a,uuuggauugaagggagcucua,.((((((((((((..(((((.&.)))))))))))..))))))............,-23.4,../postscript/20051024202556/1221seqath-miR159a.ps,2005-10-24
1754,seq,GAATCAAAGAGAGAGCTCCTTTGATTTCAAAG,ath-miR159a,uuuggauugaagggagcucua,.(((((((((((.(.((((((&.)))))).).)))))))))))...........,-26.6,../postscript/20051024202556/1754seqath-miR159a.ps,2005-10-24
1468,seq,GTATGTTTATAGGGACACGTGTAACTCGAGCC,ath-miR416,gguucguacguacacuguuca,.((((((((((....((((((&))))))...))))).)))))............,-24.8,../postscript/20051024202556/1468seqath-miR416.ps,2005-10-24
492,seq,AGAACTCGGCGGGGGTTGCGTCCCCTGGCTCT,ath-miR169d,ugagccaaggaugacuugccg,(((((((.(((((.((((((.&.))))))..))))).....)))))))......,-32.5,../postscript/20051024202556/492seqath-miR169d.ps,2005-10-24
56,seq,CCTGGAGCTGAGCTGCGGCAAGGCCCGGCTCC,ath-miR169d,ugagccaaggaugacuugccg,(((((((....((..(((((.&.))))).)).)))))))...............,-27.3,../postscript/20051024202556/56seqath-miR169d.ps,2005-10-24
1773,seq,TTTGATTTCAAAGGGATGTCCTCAGTGTCTGA,ath-miR166g,ucggaccaggcuucauucccc,..((((((...((((((((((&)))))).)..))).))))))............,-20.6,../postscript/20051024202556/1773seqath-miR166g.ps,2005-10-24
1076,seq,TGGAGAAAGAGGGAGCGCAACCAGCAGGCCGA,ath-miR166g,ucggaccaggcuucauucccc,.((((..(.(((..((.((((&)))))).))).....)..))))..........,-20.3,../postscript/20051024202556/1076seqath-miR166g.ps,2005-10-24
315,seq,GAAGAAGGGGGTCTTTGCCCACTCTTGTTTCG,ath-miR166g,ucggaccaggcuucauucccc,(((((.....(((((.((((.&)))).))......))).....)))))......,-20.5,../postscript/20051024202556/315seqath-miR166g.ps,2005-10-24
4,seq,GGCCAACAGGGAAGCGCGGAGCCGCAGATCTG,ath-miR166g,ucggaccaggcuucauucccc,.(((((.((((((.(.((((.&)))).)...))))))....)))))........,-23.5,../postscript/20051024202556/4seqath-miR166g.ps,2005-10-24
82,seq,GGCTCCTGTTCGACCGCCCGAGGGGTGTGCGT,ath-miR408,augcacugccucuucccuggc,.(((...(((((((.((((((&)))))))))))))...))).............,-24.1,../postscript/20051024202556/82seqath-miR408.ps,2005-10-24
450,seq,TTCGCTTGAGCCTTCCGGAGGAGACGGGGGCA,ath-miR408,augcacugccucuucccuggc,(((..(((((((.(((.(((.&)))..))).)))))))....))).........,-25.2,../postscript/20051024202556/450seqath-miR408.ps,2005-10-24
568,seq,GGCAGCGGCGGCTACGGGGGCTCGGCGGGGCA,ath-miR408,augcacugccucuucccuggc,..((((((...(((((.(((.&))).)))))...)))))).....((....)).,-28,../postscript/20051024202556/568seqath-miR408.ps,2005-10-24
1220,seq,TCCCTATCCACCAAGAGCTTCCCCTTCTTCAA,ath-miR395c,cugaaguguuuggggggacuc,(((..(((((.....(((((.&.)))))..)))))..)))..............,-23.2,../postscript/20051024202556/1220seqath-miR395c.ps,2005-10-24
632,seq,TCGTCCATGAACTGCATGAAAGGCCCGCTTCA,ath-miR167d,ugaagcugccagcaugaucugg,(((((.((((..(((.((((((&))))))..)))...))))....)).)))....,-22,../postscript/20051024202556/632seqath-miR167d.ps,2005-10-24
1221,seq,CCCTATCCACCAAGAGCTTCCCCTTCTTCAAC,ath-miR159b,uuuggauugaagggagcucuu,(((((((((((((..(((((.&.)))))))))))..)))))))...........,-23.7,../postscript/20051024202556/1221seqath-miR159b.ps,2005-10-24
1754,seq,GAATCAAAGAGAGAGCTCCTTTGATTTCAAAG,ath-miR159b,uuuggauugaagggagcucuu,((((((((((((.(.((((((&.)))))).).))))))))))))..........,-26.9,../postscript/20051024202556/1754seqath-miR159b.ps,2005-10-24
857,seq,CAGCAGGGGAAGAATGAGGACGTGGGCGCCGA,ath-miR394a,uuggcauucuguccaccucc,(((.((((((.....(((((&))))))))))).)))........(....)...,-22.5,../postscript/20051024202556/857seqath-miR394a.ps,2005-10-24
576,seq,CGGCTACGGGGGCTCGGCGGGGCAGTAGCCAA,ath-miR394a,uuggcauucuguccaccucc,(((((.((((((...(((((&)))))..)))))).......))))).......,-24.5,../postscript/20051024202556/576seqath-miR394a.ps,2005-10-24
1773,seq,TTTGATTTCAAAGGGATGTCCTCAGTGTCTGA,ath-miR166c,ucggaccaggcuucauucccc,..((((((...((((((((((&)))))).)..))).))))))............,-20.6,../postscript/20051024202556/1773seqath-miR166c.ps,2005-10-24
1076,seq,TGGAGAAAGAGGGAGCGCAACCAGCAGGCCGA,ath-miR166c,ucggaccaggcuucauucccc,.((((..(.(((..((.((((&)))))).))).....)..))))..........,-20.3,../postscript/20051024202556/1076seqath-miR166c.ps,2005-10-24
315,seq,GAAGAAGGGGGTCTTTGCCCACTCTTGTTTCG,ath-miR166c,ucggaccaggcuucauucccc,(((((.....(((((.((((.&)))).))......))).....)))))......,-20.5,../postscript/20051024202556/315seqath-miR166c.ps,2005-10-24
4,seq,GGCCAACAGGGAAGCGCGGAGCCGCAGATCTG,ath-miR166c,ucggaccaggcuucauucccc,.(((((.((((((.(.((((.&)))).)...))))))....)))))........,-23.5,../postscript/20051024202556/4seqath-miR166c.ps,2005-10-24
1773,seq,TTTGATTTCAAAGGGATGTCCTCAGTGTCTGA,ath-miR166a,ucggaccaggcuucauucccc,..((((((...((((((((((&)))))).)..))).))))))............,-20.6,../postscript/20051024202556/1773seqath-miR166a.ps,2005-10-24
1076,seq,TGGAGAAAGAGGGAGCGCAACCAGCAGGCCGA,ath-miR166a,ucggaccaggcuucauucccc,.((((..(.(((..((.((((&)))))).))).....)..))))..........,-20.3,../postscript/20051024202556/1076seqath-miR166a.ps,2005-10-24
315,seq,GAAGAAGGGGGTCTTTGCCCACTCTTGTTTCG,ath-miR166a,ucggaccaggcuucauucccc,(((((.....(((((.((((.&)))).))......))).....)))))......,-20.5,../postscript/20051024202556/315seqath-miR166a.ps,2005-10-24
4,seq,GGCCAACAGGGAAGCGCGGAGCCGCAGATCTG,ath-miR166a,ucggaccaggcuucauucccc,.(((((.((((((.(.((((.&)))).)...))))))....)))))........,-23.5,../postscript/20051024202556/4seqath-miR166a.ps,2005-10-24
490,seq,TGAGAACTCGGCGGGGGTTGCGTCCCCTGGCT,ath-miR399e,ugccaaaggagauuugccucg,(((((.....((((..((((.&.))))..))).)....)))))...........,-21.4,../postscript/20051024202556/490seqath-miR399e.ps,2005-10-24
457,seq,GAGCCTTCCGGAGGAGACGGGGGCAGCTTGGC,ath-miR160b,ugccuggcucccuguaugcca,.((...(((((((((..(((.&)))..)))..))))))..))............,-25.1,../postscript/20051024202556/457seqath-miR160b.ps,2005-10-24
1336,seq,GGTGCCCTCAGCAGTGACAGGCGTCCCGGGCT,ath-miR160b,ugccuggcucccuguaugcca,..(((.((((((..((((((.&.))))))..).)))))...)))..........,-26.7,../postscript/20051024202556/1336seqath-miR160b.ps,2005-10-24
1574,seq,CTGAGTGCTTGCCAGTATGCAGTGGACCGGCC,ath-miR160b,ugccuggcucccuguaugcca,..(((((((((((.((.(((.&.)))))))).))))))))......(....)..,-25.9,../postscript/20051024202556/1574seqath-miR160b.ps,2005-10-24
911,seq,CAAAGGCGGCAGCGGACTCACTTTACCAGCCA,ath-miR160b,ugccuggcucccuguaugcca,.((((.(((((((.((((.((&)).)))).........))).))))))))....,-20.4,../postscript/20051024202556/911seqath-miR160b.ps,2005-10-24
1336,seq,GGTGCCCTCAGCAGTGACAGGCGTCCCGGGCT,ath-miR169m,uagccaaggaugacuugccug,((((((((.(((((..((((.&))))..))))))))).).)))...........,-25.9,../postscript/20051024202556/1336seqath-miR169m.ps,2005-10-24
247,seq,GGGGGCGGGCAGAGCGCGGTCGGCGTTAGCTT,ath-miR169m,uagccaaggaugacuugccug,(((((((((((.(.((.(((.&.))).)).).))))......))))))).....,-21.5,../postscript/20051024202556/247seqath-miR169m.ps,2005-10-24
491,seq,GAGAACTCGGCGGGGGTTGCGTCCCCTGGCTC,ath-miR169m,uagccaaggaugacuugccug,(.((((((.(((((.(((((.&.)))))..))))).....))))))).......,-26.1,../postscript/20051024202556/491seqath-miR169m.ps,2005-10-24
1220,seq,TCCCTATCCACCAAGAGCTTCCCCTTCTTCAA,ath-miR395e,cugaaguguuugggggaacuc,((((((((((.....(((((.&.))))).))))))).)))..............,-22.5,../postscript/20051024202556/1220seqath-miR395e.ps,2005-10-24
55,seq,GCCTGGAGCTGAGCTGCGGCAAGGCCCGGCTC,ath-miR169a,cagccaaggaugacuugccga,.(((((((....((..((((.&.)))).)).)))))))................,-24.6,../postscript/20051024202556/55seqath-miR169a.ps,2005-10-24
491,seq,GAGAACTCGGCGGGGGTTGCGTCCCCTGGCTC,ath-miR169a,cagccaaggaugacuugccga,((((((((.(((((.(((((.&.)))))..))))).....))))))))......,-30.3,../postscript/20051024202556/491seqath-miR169a.ps,2005-10-24
490,seq,TGAGAACTCGGCGGGGGTTGCGTCCCCTGGCT,ath-miR399d,ugccaaaggagauuugccccg,(((((.....((((..((((.&.))))..))).)....)))))...........,-24.4,../postscript/20051024202556/490seqath-miR399d.ps,2005-10-24
669,seq,AGCACCGAGCAGCGGGGACCAAGCTGTCGGCC,ath-miR399d,ugccaaaggagauuugccccg,(((((.......((...(((.&.)))...))......)))))............,-20.42,../postscript/20051024202556/669seqath-miR399d.ps,2005-10-24
1394,seq,AACAACCTGAGTAGCCCGTCGCTGAATTCCGC,ath-miR164a,uggagaagcagggcacgugca,.((.(((.(.(((...(((((&.)))))..))).)))).)).............,-20.7,../postscript/20051024202556/1394seqath-miR164a.ps,2005-10-24
406,seq,TCCCATGTCTTCGTTTGCCCGCTGACTTTCCG,ath-miR164a,uggagaagcagggcacgugca,..(((.(((((.(((((((((&))))))...)))))))).)))...........,-22.7,../postscript/20051024202556/406seqath-miR164a.ps,2005-10-24
1415,seq,CTGAATTCCGCGGTGCCGACGCCTGCCTGTCC,ath-miR164a,uggagaagcagggcacgugca,..((((((((((((.(.(((.&))).).)))).....)))).))))........,-22.9,../postscript/20051024202556/1415seqath-miR164a.ps,2005-10-24
1152,seq,AGCCCTACGACGACATGTACCCAGGCTATTCC,ath-miR164a,uggagaagcagggcacgugca,..(((((.(((.(((.((((.&)))).)))..))).))))).............,-24.7,../postscript/20051024202556/1152seqath-miR164a.ps,2005-10-24
678,seq,CAGCGGGGACCAAGCTGTCGGCCGTCTCCTCA,ath-miR164a,uggagaagcagggcacgugca,.(((.(..((..((((((((.&...)))))........)))..))..).)))..,-20.4,../postscript/20051024202556/678seqath-miR164a.ps,2005-10-24
251,seq,GCGGGCAGAGCGCGGTCGGCGTTAGCTTTCCT,ath-miR164a,uggagaagcagggcacgugca,.(((((.((.(((((.((((.&.))))))).)).))....))))).........,-22.3,../postscript/20051024202556/251seqath-miR164a.ps,2005-10-24
490,seq,TGAGAACTCGGCGGGGGTTGCGTCCCCTGGCT,ath-miR399a,ugccaaaggagauuugcccug,(((((.....((((..((((.&.))))..))).)....)))))...........,-21.7,../postscript/20051024202556/490seqath-miR399a.ps,2005-10-24
1773,seq,TTTGATTTCAAAGGGATGTCCTCAGTGTCTGA,ath-miR166e,ucggaccaggcuucauucccc,..((((((...((((((((((&)))))).)..))).))))))............,-20.6,../postscript/20051024202556/1773seqath-miR166e.ps,2005-10-24
1076,seq,TGGAGAAAGAGGGAGCGCAACCAGCAGGCCGA,ath-miR166e,ucggaccaggcuucauucccc,.((((..(.(((..((.((((&)))))).))).....)..))))..........,-20.3,../postscript/20051024202556/1076seqath-miR166e.ps,2005-10-24
315,seq,GAAGAAGGGGGTCTTTGCCCACTCTTGTTTCG,ath-miR166e,ucggaccaggcuucauucccc,(((((.....(((((.((((.&)))).))......))).....)))))......,-20.5,../postscript/20051024202556/315seqath-miR166e.ps,2005-10-24
4,seq,GGCCAACAGGGAAGCGCGGAGCCGCAGATCTG,ath-miR166e,ucggaccaggcuucauucccc,.(((((.((((((.(.((((.&)))).)...))))))....)))))........,-23.5,../postscript/20051024202556/4seqath-miR166e.ps,2005-10-24
1540,seq,CGGCTACGCCAGCGTGCAGAACCCGGCCTCCA,ath-miR164c,uggagaagcagggcacgugcg,(((((((((((.((..(((((&))))))).))).....)))))..)))......,-24.6,../postscript/20051024202556/1540seqath-miR164c.ps,2005-10-24
424,seq,CCGCTGACTTTCCGTCTCCGGACTTTTTCGCT,ath-miR164c,uggagaagcagggcacgugcg,(((.(((.(((..((((((((&..))))))))...))).)))........))).,-20.1,../postscript/20051024202556/424seqath-miR164c.ps,2005-10-24
1394,seq,AACAACCTGAGTAGCCCGTCGCTGAATTCCGC,ath-miR164c,uggagaagcagggcacgugcg,.((.(((.(.(((...(((((&.)))))..))).)))).)).............,-20.4,../postscript/20051024202556/1394seqath-miR164c.ps,2005-10-24
406,seq,TCCCATGTCTTCGTTTGCCCGCTGACTTTCCG,ath-miR164c,uggagaagcagggcacgugcg,(((...(((((.(((((((((&))))))...)))))))).)))...........,-23.3,../postscript/20051024202556/406seqath-miR164c.ps,2005-10-24
1415,seq,CTGAATTCCGCGGTGCCGACGCCTGCCTGTCC,ath-miR164c,uggagaagcagggcacgugcg,((((.(((((((((.(.(((.&))).).)))).....)))))))))........,-25.1,../postscript/20051024202556/1415seqath-miR164c.ps,2005-10-24
1152,seq,AGCCCTACGACGACATGTACCCAGGCTATTCC,ath-miR164c,uggagaagcagggcacgugcg,(((((((.(((.(((.((((.&)))).)))..))).))))).))..........,-26.4,../postscript/20051024202556/1152seqath-miR164c.ps,2005-10-24
678,seq,CAGCGGGGACCAAGCTGTCGGCCGTCTCCTCA,ath-miR164c,uggagaagcagggcacgugcg,.(((.(..((..((((((((.&...)))))........)))..))..).)))..,-20.1,../postscript/20051024202556/678seqath-miR164c.ps,2005-10-24
607,seq,AGGACTAGTAGAGCGTCGCGCTCCCTCGTCCA,ath-miR164c,uggagaagcagggcacgugcg,((((((..((((.(...((((&)))).)))))..)))).)).............,-21.4,../postscript/20051024202556/607seqath-miR164c.ps,2005-10-24
1437,seq,CTGCCTGTCCTTACGCGCCGCCGACTCCTCCG,ath-miR164c,uggagaagcagggcacgugcg,(((((..(((...((.(((((&))))).))..))).))))).............,-23.7,../postscript/20051024202556/1437seqath-miR164c.ps,2005-10-24
251,seq,GCGGGCAGAGCGCGGTCGGCGTTAGCTTTCCT,ath-miR164c,uggagaagcagggcacgugcg,.(((((.((.(((((.((((.&.))))))).)).))....))))).........,-22,../postscript/20051024202556/251seqath-miR164c.ps,2005-10-24
372,seq,TAAAGACGCTCTGAGTGGTGCCCTTCTGCCCA,ath-miR164c,uggagaagcagggcacgugcg,(((.((((((((.((.(.(((&)))).)).)))))))......).)))......,-23.8,../postscript/20051024202556/372seqath-miR164c.ps,2005-10-24
2051,seq,GCGATTAGGATTTTTCGCTTGCGAGCAAGGGA,ath-miR168b,ucgcuuggugcaggucgggaa,((((((.((((((.((((.((&)).))))..))))))))))))...........,-22.8,../postscript/20051024202556/2051seqath-miR168b.ps,2005-10-24
1328,seq,TCCAGCATGGTGCCCTCAGCAGTGACAGGCGT,ath-miR168b,ucgcuuggugcaggucgggaa,..(((..((.(((.((((((.&.))))))....))).)))))..((.....)).,-21,../postscript/20051024202556/1328seqath-miR168b.ps,2005-10-24
66,seq,AGCTGCGGCAAGGCCCGGCTCCTGTTCGACCG,ath-miR168b,ucgcuuggugcaggucgggaa,..((((((((((.((((.((.&)).)))))))))..))))).............,-25.4,../postscript/20051024202556/66seqath-miR168b.ps,2005-10-24
1522,seq,AAAGCAGCACTCCAGCTTCGGCTACGCCAGCG,ath-miR168b,ucgcuuggugcaggucgggaa,..(((((((..(((((.(((.&)))))))).)))))))................,-22.9,../postscript/20051024202556/1522seqath-miR168b.ps,2005-10-24
974,seq,AGGAACCGCTACCCGGACATGTCCACACGCGA,ath-miR168b,ucgcuuggugcaggucgggaa,..(((((..(((.(((.((((&))))...))))))...)))))...........,-23.9,../postscript/20051024202556/974seqath-miR168b.ps,2005-10-24
652,seq,AGGCCCGCTTCACTTGGAGCACCGAGCAGCGG,ath-miR168b,ucgcuuggugcaggucgggaa,..((((((((((((((((((.&...).))))))))...)))))....))))...,-28.3,../postscript/20051024202556/652seqath-miR168b.ps,2005-10-24
1336,seq,GGTGCCCTCAGCAGTGACAGGCGTCCCGGGCT,ath-miR169l,uagccaaggaugacuugccug,((((((((.(((((..((((.&))))..))))))))).).)))...........,-25.9,../postscript/20051024202556/1336seqath-miR169l.ps,2005-10-24
247,seq,GGGGGCGGGCAGAGCGCGGTCGGCGTTAGCTT,ath-miR169l,uagccaaggaugacuugccug,(((((((((((.(.((.(((.&.))).)).).))))......))))))).....,-21.5,../postscript/20051024202556/247seqath-miR169l.ps,2005-10-24
491,seq,GAGAACTCGGCGGGGGTTGCGTCCCCTGGCTC,ath-miR169l,uagccaaggaugacuugccug,(.((((((.(((((.(((((.&.)))))..))))).....))))))).......,-26.1,../postscript/20051024202556/491seqath-miR169l.ps,2005-10-24
1336,seq,GGTGCCCTCAGCAGTGACAGGCGTCCCGGGCT,ath-miR169j,uagccaaggaugacuugccug,((((((((.(((((..((((.&))))..))))))))).).)))...........,-25.9,../postscript/20051024202556/1336seqath-miR169j.ps,2005-10-24
247,seq,GGGGGCGGGCAGAGCGCGGTCGGCGTTAGCTT,ath-miR169j,uagccaaggaugacuugccug,(((((((((((.(.((.(((.&.))).)).).))))......))))))).....,-21.5,../postscript/20051024202556/247seqath-miR169j.ps,2005-10-24
491,seq,GAGAACTCGGCGGGGGTTGCGTCCCCTGGCTC,ath-miR169j,uagccaaggaugacuugccug,(.((((((.(((((.(((((.&.)))))..))))).....))))))).......,-26.1,../postscript/20051024202556/491seqath-miR169j.ps,2005-10-24
1035,seq,AAGCCCGAGTCCGGGTTTGGTTCAAGAATCGT,ath-miR405d,augaguugggucuaacccauaacu,(((...(((((.(..((((.((((&))))...))))..).)))))..))).......,-21.2,../postscript/20051024202556/1035seqath-miR405d.ps,2005-10-24
63,seq,CTGAGCTGCGGCAAGGCCCGGCTCCTGTTCGA,ath-miR163,uugaagaggacuuggaacuucgau,..(((((..(((..((((.(((((&))))).))))..)))..))..)))........,-24.4,../postscript/20051024202556/63seqath-miR163.ps,2005-10-24
968,seq,TTCCAGAGGAACCGCTACCCGGACATGTCCAC,ath-miR319c,uuggacugaagggagcuccu,((((((((((..(((((((.&.))))).))...))).)))...))))......,-23.3,../postscript/20051024202556/968seqath-miR319c.ps,2005-10-24
1076,seq,TGGAGAAAGAGGGAGCGCAACCAGCAGGCCGA,ath-miR319c,uuggacugaagggagcuccu,((((((..((..(((.((((&)))).)))..))....))))))..........,-24.8,../postscript/20051024202556/1076seqath-miR319c.ps,2005-10-24
576,seq,CGGCTACGGGGGCTCGGCGGGGCAGTAGCCAA,ath-miR319c,uuggacugaagggagcuccu,((((((((.(..((((((((&))))..))))....)..)))))))).......,-21.6,../postscript/20051024202556/576seqath-miR319c.ps,2005-10-24
373,seq,AAAGACGCTCTGAGTGGTGCCCTTCTGCCCAC,ath-miR319c,uuggacugaagggagcuccu,..((((.((((((.(.(((.&.))).).))))))....))))...........,-22.7,../postscript/20051024202556/373seqath-miR319c.ps,2005-10-24
1220,seq,TCCCTATCCACCAAGAGCTTCCCCTTCTTCAA,ath-miR319c,uuggacugaagggagcuccu,..(((((((((((..(((((&)))))))))))..)))))..............,-21.4,../postscript/20051024202556/1220seqath-miR319c.ps,2005-10-24
1752,seq,CTGAATCAAAGAGAGAGCTCCTTTGATTTCAA,ath-miR319c,uuggacugaagggagcuccu,((((((((((((.(.(((((&))))).).)))))))))).))...........,-24.6,../postscript/20051024202556/1752seqath-miR319c.ps,2005-10-24
608,seq,GGACTAGTAGAGCGTCGCGCTCCCTCGTCCAT,ath-miR319c,uuggacugaagggagcuccu,..(.(((((((.(.(((((.&.))))))))))))).)................,-24,../postscript/20051024202556/608seqath-miR319c.ps,2005-10-24
457,seq,GAGCCTTCCGGAGGAGACGGGGGCAGCTTGGC,ath-miR160a,ugccuggcucccuguaugcca,.((...(((((((((..(((.&)))..)))..))))))..))............,-25.1,../postscript/20051024202556/457seqath-miR160a.ps,2005-10-24
1336,seq,GGTGCCCTCAGCAGTGACAGGCGTCCCGGGCT,ath-miR160a,ugccuggcucccuguaugcca,..(((.((((((..((((((.&.))))))..).)))))...)))..........,-26.7,../postscript/20051024202556/1336seqath-miR160a.ps,2005-10-24
1574,seq,CTGAGTGCTTGCCAGTATGCAGTGGACCGGCC,ath-miR160a,ugccuggcucccuguaugcca,..(((((((((((.((.(((.&.)))))))).))))))))......(....)..,-25.9,../postscript/20051024202556/1574seqath-miR160a.ps,2005-10-24
911,seq,CAAAGGCGGCAGCGGACTCACTTTACCAGCCA,ath-miR160a,ugccuggcucccuguaugcca,.((((.(((((((.((((.((&)).)))).........))).))))))))....,-20.4,../postscript/20051024202556/911seqath-miR160a.ps,2005-10-24
492,seq,AGAACTCGGCGGGGGTTGCGTCCCCTGGCTCT,ath-miR169g,ugagccaaggaugacuugccg,(((((((.(((((.((((((.&.))))))..))))).....)))))))......,-32.5,../postscript/20051024202556/492seqath-miR169g.ps,2005-10-24
56,seq,CCTGGAGCTGAGCTGCGGCAAGGCCCGGCTCC,ath-miR169g,ugagccaaggaugacuugccg,(((((((....((..(((((.&.))))).)).)))))))...............,-27.3,../postscript/20051024202556/56seqath-miR169g.ps,2005-10-24
857,seq,CAGCAGGGGAAGAATGAGGACGTGGGCGCCGA,ath-miR394b,uuggcauucuguccaccucc,(((.((((((.....(((((&))))))))))).)))........(....)...,-22.5,../postscript/20051024202556/857seqath-miR394b.ps,2005-10-24
576,seq,CGGCTACGGGGGCTCGGCGGGGCAGTAGCCAA,ath-miR394b,uuggcauucuguccaccucc,(((((.((((((...(((((&)))))..)))))).......))))).......,-24.5,../postscript/20051024202556/576seqath-miR394b.ps,2005-10-24
468,seq,AGGAGACGGGGGCAGCTTGGCTTGAGAACTCG,ath-miR398a,uguguucucaggucaccccuu,.(((((((((((((((((.((&)).)))))))))))).....))))).......,-29.7,../postscript/20051024202556/468seqath-miR398a.ps,2005-10-24
707,seq,TCATCTTCCTGTCACCATCCCCAGCCGTTAGC,ath-miR404,auuaacgcuggcgguugcggcagc,.(((((.(.(((.((((((((((.&.))))).))))).))).).)))))........,-26.9,../postscript/20051024202556/707seqath-miR404.ps,2005-10-24
245,seq,GGGGGGGCGGGCAGAGCGCGGTCGGCGTTAGC,ath-miR404,auuaacgcuggcgguugcggcagc,((.((.(((.(.(((((((((((.&.))))))))))).))))...))..))......,-29,../postscript/20051024202556/245seqath-miR404.ps,2005-10-24
1702,seq,GCACTAAAGAAAGGGAGAGAAAGAGAAGCTAT,ath-miR413,auaguuucucuuguucugcac,..(.((((.((((((((((((&)))))))))))).)))).).............,-24.7,../postscript/20051024202556/1702seqath-miR413.ps,2005-10-24
1620,seq,CCACAGCGCCGGGATCCTAGGACCTTGCCGGA,ath-miR165b,ucggaccaggcuucauccccc,..(((((.((((((...((((&.))))..))).)))...)))))..........,-20.4,../postscript/20051024202556/1620seqath-miR165b.ps,2005-10-24
1773,seq,TTTGATTTCAAAGGGATGTCCTCAGTGTCTGA,ath-miR165b,ucggaccaggcuucauccccc,..((((((...((((((((((&)))))).)..))).))))))............,-23.3,../postscript/20051024202556/1773seqath-miR165b.ps,2005-10-24
315,seq,GAAGAAGGGGGTCTTTGCCCACTCTTGTTTCG,ath-miR165b,ucggaccaggcuucauccccc,(((((.....(((((.((((.&)))).))......))).....)))))......,-22.4,../postscript/20051024202556/315seqath-miR165b.ps,2005-10-24
4,seq,GGCCAACAGGGAAGCGCGGAGCCGCAGATCTG,ath-miR165b,ucggaccaggcuucauccccc,..((((.((((((.(.((((.&)))).)...)))))).....))))........,-20.8,../postscript/20051024202556/4seqath-miR165b.ps,2005-10-24
468,seq,AGGAGACGGGGGCAGCTTGGCTTGAGAACTCG,ath-miR398b,uguguucucaggucaccccug,((((((((((((((((((.((&)).)))))))))))).....))))))......,-33.7,../postscript/20051024202556/468seqath-miR398b.ps,2005-10-24
1063,seq,TCGTCGGGCCAAATGGAGAAAGAGGGAGCGCA,ath-miR398b,uguguucucaggucaccccug,((((((.((...(((((((((&)))))))))....)).))......))))....,-20.8,../postscript/20051024202556/1063seqath-miR398b.ps,2005-10-24
562,seq,GGAGCGGGCAGCGGCGGCTACGGGGGCTCGGC,ath-miR402,uucgaggccuauuaaaccucug,(((.((......(((.(((((.&.))))).))).....)).)))...........,-22.4,../postscript/20051024202556/562seqath-miR402.ps,2005-10-24
968,seq,TTCCAGAGGAACCGCTACCCGGACATGTCCAC,ath-miR319b,uuggacugaagggagcuccc,.(((((((((..(((((((.&.))))).))...))).)))...))).......,-22,../postscript/20051024202556/968seqath-miR319b.ps,2005-10-24
1076,seq,TGGAGAAAGAGGGAGCGCAACCAGCAGGCCGA,ath-miR319b,uuggacugaagggagcuccc,((((((..((..(((.((((&)))).)))..))....))))))..........,-27.4,../postscript/20051024202556/1076seqath-miR319b.ps,2005-10-24
576,seq,CGGCTACGGGGGCTCGGCGGGGCAGTAGCCAA,ath-miR319b,uuggacugaagggagcuccc,((((((((.(..((((((((&))))..))))....)..)))))))).......,-23.8,../postscript/20051024202556/576seqath-miR319b.ps,2005-10-24
373,seq,AAAGACGCTCTGAGTGGTGCCCTTCTGCCCAC,ath-miR319b,uuggacugaagggagcuccc,..((((.((((((.(.(((.&.))).).))))))....))))...........,-22.7,../postscript/20051024202556/373seqath-miR319b.ps,2005-10-24
1220,seq,TCCCTATCCACCAAGAGCTTCCCCTTCTTCAA,ath-miR319b,uuggacugaagggagcuccc,..(((((((((((..(((((&)))))))))))..)))))..............,-21.4,../postscript/20051024202556/1220seqath-miR319b.ps,2005-10-24
1752,seq,CTGAATCAAAGAGAGAGCTCCTTTGATTTCAA,ath-miR319b,uuggacugaagggagcuccc,..((((((((((.(.(((((&))))).).))))))))))..............,-23.8,../postscript/20051024202556/1752seqath-miR319b.ps,2005-10-24
608,seq,GGACTAGTAGAGCGTCGCGCTCCCTCGTCCAT,ath-miR319b,uuggacugaagggagcuccc,..(.(((((((.(.(((((.&.))))))))))))).)................,-24,../postscript/20051024202556/608seqath-miR319b.ps,2005-10-24
968,seq,TTCCAGAGGAACCGCTACCCGGACATGTCCAC,ath-miR319a,uuggacugaagggagcuccc,.(((((((((..(((((((.&.))))).))...))).)))...))).......,-22,../postscript/20051024202556/968seqath-miR319a.ps,2005-10-24
1076,seq,TGGAGAAAGAGGGAGCGCAACCAGCAGGCCGA,ath-miR319a,uuggacugaagggagcuccc,((((((..((..(((.((((&)))).)))..))....))))))..........,-27.4,../postscript/20051024202556/1076seqath-miR319a.ps,2005-10-24
576,seq,CGGCTACGGGGGCTCGGCGGGGCAGTAGCCAA,ath-miR319a,uuggacugaagggagcuccc,((((((((.(..((((((((&))))..))))....)..)))))))).......,-23.8,../postscript/20051024202556/576seqath-miR319a.ps,2005-10-24
373,seq,AAAGACGCTCTGAGTGGTGCCCTTCTGCCCAC,ath-miR319a,uuggacugaagggagcuccc,..((((.((((((.(.(((.&.))).).))))))....))))...........,-22.7,../postscript/20051024202556/373seqath-miR319a.ps,2005-10-24
1220,seq,TCCCTATCCACCAAGAGCTTCCCCTTCTTCAA,ath-miR319a,uuggacugaagggagcuccc,..(((((((((((..(((((&)))))))))))..)))))..............,-21.4,../postscript/20051024202556/1220seqath-miR319a.ps,2005-10-24
1752,seq,CTGAATCAAAGAGAGAGCTCCTTTGATTTCAA,ath-miR319a,uuggacugaagggagcuccc,..((((((((((.(.(((((&))))).).))))))))))..............,-23.8,../postscript/20051024202556/1752seqath-miR319a.ps,2005-10-24
608,seq,GGACTAGTAGAGCGTCGCGCTCCCTCGTCCAT,ath-miR319a,uuggacugaagggagcuccc,..(.(((((((.(.(((((.&.))))))))))))).)................,-24,../postscript/20051024202556/608seqath-miR319a.ps,2005-10-24
1473,seq,TTTATAGGGACACGTGTAACTCGAGCCTGGCC,ath-miR399b,ugccaaaggagaguugcccug,(((((((((((.(((..(((.&.))))))...)))))).......)))))....,-22.91,../postscript/20051024202556/1473seqath-miR399b.ps,2005-10-24
490,seq,TGAGAACTCGGCGGGGGTTGCGTCCCCTGGCT,ath-miR399b,ugccaaaggagaguugcccug,(((((..((..(((..((((.&.))))..))).))...)))))...........,-22.4,../postscript/20051024202556/490seqath-miR399b.ps,2005-10-24
669,seq,AGCACCGAGCAGCGGGGACCAAGCTGTCGGCC,ath-miR399b,ugccaaaggagaguugcccug,(((((.((((.((....(((.&.))))).))))....)))))............,-21.1,../postscript/20051024202556/669seqath-miR399b.ps,2005-10-24
1473,seq,TTTATAGGGACACGTGTAACTCGAGCCTGGCC,ath-miR399c,ugccaaaggagaguugcccug,(((((((((((.(((..(((.&.))))))...)))))).......)))))....,-22.91,../postscript/20051024202556/1473seqath-miR399c.ps,2005-10-24
490,seq,TGAGAACTCGGCGGGGGTTGCGTCCCCTGGCT,ath-miR399c,ugccaaaggagaguugcccug,(((((..((..(((..((((.&.))))..))).))...)))))...........,-22.4,../postscript/20051024202556/490seqath-miR399c.ps,2005-10-24
669,seq,AGCACCGAGCAGCGGGGACCAAGCTGTCGGCC,ath-miR399c,ugccaaaggagaguugcccug,(((((.((((.((....(((.&.))))).))))....)))))............,-21.1,../postscript/20051024202556/669seqath-miR399c.ps,2005-10-24
492,seq,AGAACTCGGCGGGGGTTGCGTCCCCTGGCTCT,ath-miR169f,ugagccaaggaugacuugccg,(((((((.(((((.((((((.&.))))))..))))).....)))))))......,-32.5,../postscript/20051024202556/492seqath-miR169f.ps,2005-10-24
56,seq,CCTGGAGCTGAGCTGCGGCAAGGCCCGGCTCC,ath-miR169f,ugagccaaggaugacuugccg,(((((((....((..(((((.&.))))).)).)))))))...............,-27.3,../postscript/20051024202556/56seqath-miR169f.ps,2005-10-24
1221,seq,CCCTATCCACCAAGAGCTTCCCCTTCTTCAAC,ath-miR159c,uuuggauugaagggagcuccu,..(((((((((((..(((((.&.)))))))))))..))))).............,-21.8,../postscript/20051024202556/1221seqath-miR159c.ps,2005-10-24
1754,seq,GAATCAAAGAGAGAGCTCCTTTGATTTCAAAG,ath-miR159c,uuuggauugaagggagcuccu,((((((((((((.(.((((((&.)))))).).)))))))))).)).........,-25.8,../postscript/20051024202556/1754seqath-miR159c.ps,2005-10-24
